location,date,variable,value
Denver,8/8/2015,maxTemperature,31.70999908
Denver,8/9/2015,maxTemperature,29.98999977
Denver,8/10/2015,maxTemperature,32.1333313
Denver,8/11/2015,maxTemperature,29.57496452
Denver,8/12/2015,maxTemperature,35.74999619
Denver,8/13/2015,maxTemperature,38.93324661
Denver,8/14/2015,maxTemperature,38.13330841
Denver,8/15/2015,maxTemperature,37.09999466
Denver,8/16/2015,maxTemperature,34.93330765
Denver,8/17/2015,maxTemperature,35.14995956
Denver,8/18/2015,maxTemperature,29.57496452
Denver,8/19/2015,maxTemperature,35.74999619
Denver,8/20/2015,maxTemperature,38.93324661
Denver,8/21/2015,maxTemperature,38.13330841
Dar es Salaam,8/8/2015,maxTemperature,27.37000084
Dar es Salaam,8/9/2015,maxTemperature,29.09999847
Dar es Salaam,8/10/2015,maxTemperature,30.48329926
Dar es Salaam,8/11/2015,maxTemperature,30.16666412
Dar es Salaam,8/12/2015,maxTemperature,30.44997978
Dar es Salaam,8/13/2015,maxTemperature,31.84999847
Dar es Salaam,8/14/2015,maxTemperature,31.28333282
Dar es Salaam,8/15/2015,maxTemperature,30.69999886
Dar es Salaam,8/16/2015,maxTemperature,31.59999657
Dar es Salaam,8/17/2015,maxTemperature,30.99999809
Dar es Salaam,8/18/2015,maxTemperature,30.33333206
Dar es Salaam,8/19/2015,maxTemperature,31.84999847
Dar es Salaam,8/20/2015,maxTemperature,31.28333282
Dar es Salaam,8/21/2015,maxTemperature,30.69999886
Denver,8/8/2015,minTemperature,13.75
Denver,8/9/2015,minTemperature,13.92000008
Denver,8/10/2015,minTemperature,14.00000954
Denver,8/11/2015,minTemperature,14.30000973
Denver,8/12/2015,minTemperature,16.64999962
Denver,8/13/2015,minTemperature,18.56666946
Denver,8/14/2015,minTemperature,19.14999962
Denver,8/15/2015,minTemperature,18.14999962
Denver,8/16/2015,minTemperature,18.08333969
Denver,8/17/2015,minTemperature,16.78333473
Denver,8/18/2015,minTemperature,14.30000973
Denver,8/19/2015,minTemperature,16.64999962
Denver,8/20/2015,minTemperature,18.56666946
Denver,8/21/2015,minTemperature,19.14999962
Dar es Salaam,8/8/2015,minTemperature,20.12999916
Dar es Salaam,8/9/2015,minTemperature,18.06666565
Dar es Salaam,8/10/2015,minTemperature,17.64999962
Dar es Salaam,8/11/2015,minTemperature,18.46669006
Dar es Salaam,8/12/2015,minTemperature,18.56669044
Dar es Salaam,8/13/2015,minTemperature,18.96667099
Dar es Salaam,8/14/2015,minTemperature,18.86666679
Dar es Salaam,8/15/2015,minTemperature,18.45001984
Dar es Salaam,8/16/2015,minTemperature,18.63334846
Dar es Salaam,8/17/2015,minTemperature,18.48334122
Dar es Salaam,8/18/2015,minTemperature,19.1499958
Dar es Salaam,8/19/2015,minTemperature,18.96667099
Dar es Salaam,8/20/2015,minTemperature,18.86666679
Dar es Salaam,8/21/2015,minTemperature,18.45001984
